{
  "version": 1,
  "width": 173,
  "height": 45,
  "duration": 59.307106,
  "command": null,
  "title": null,
  "env": {
    "TERM": "xterm-256color",
    "SHELL": "/bin/zsh"
  },
  "stdout": [
    [
      0.071947,
      "\u001b]7;file://Earth.local/Users/master/GitHub/Docker-Intro/demo/docker%20compose\u0007"
    ],
    [
      0.374639,
      "\u001b[1m\u001b[7m%\u001b[27m\u001b[1m\u001b[0m                                                                                                                                                                            \r \r\u001b]2;master@Earth\u0007\u001b]1;..ocker compose\u0007"
    ],
    [
      0.002646,
      "\u001b]7;file://Earth.local/Users/master/GitHub/Docker-Intro/demo/docker%20compose\u0007"
    ],
    [
      0.026761,
      "\r\u001b[0m\u001b[27m\u001b[24m\u001b[J\u001b[01;32m➜  \u001b[36mdocker compose\u001b[00m \u001b[01;34mgit:(\u001b[31mmaster\u001b[34m) \u001b[33m✗\u001b[00m \u001b[K"
    ],
    [
      0.000288,
      "\u001b[?1h\u001b=\u001b[?2004h"
    ],
    [
      1.133332,
      "l"
    ],
    [
      0.223326,
      "\bls"
    ],
    [
      0.343216,
      "\u001b[?1l\u001b>"
    ],
    [
      3.6e-05,
      "\u001b[?2004l\r\r\n"
    ],
    [
      0.000731,
      "\u001b]2;ls -G\u0007\u001b]1;ls\u0007"
    ],
    [
      0.002672,
      "\u001b[1m\u001b[36mcontainer 1\u001b[39;49m\u001b[0m         \u001b[1m\u001b[36mcontainer 2\u001b[39;49m\u001b[0m         docker-compose.yaml record.json\r\n"
    ],
    [
      0.000201,
      "\u001b[1m\u001b[7m%\u001b[27m\u001b[1m\u001b[0m                                                                                                                                                                            \r \r"
    ],
    [
      6.7e-05,
      "\u001b]2;master@Earth\u0007"
    ],
    [
      1.8e-05,
      "\u001b]1;..ocker compose\u0007"
    ],
    [
      0.002747,
      "\u001b]7;file://Earth.local/Users/master/GitHub/Docker-Intro/demo/docker%20compose\u0007"
    ],
    [
      0.027243,
      "\r\u001b[0m\u001b[27m\u001b[24m\u001b[J\u001b[01;32m➜  \u001b[36mdocker compose\u001b[00m \u001b[01;34mgit:(\u001b[31mmaster\u001b[34m) \u001b[33m✗\u001b[00m \u001b[K"
    ],
    [
      0.000107,
      "\u001b[?1h\u001b="
    ],
    [
      2.2e-05,
      "\u001b[?2004h"
    ],
    [
      2.670883,
      "c"
    ],
    [
      0.175916,
      "\bca"
    ],
    [
      0.103945,
      "t"
    ],
    [
      0.16795,
      " "
    ],
    [
      0.153541,
      "c"
    ],
    [
      0.078412,
      "o"
    ],
    [
      0.079995,
      "n"
    ],
    [
      0.135875,
      "t"
    ],
    [
      0.302314,
      "ainer\\ "
    ],
    [
      0.818079,
      "1"
    ],
    [
      0.63996,
      "/"
    ],
    [
      0.196132,
      "Dockerfile\u001b[1m \u001b[0m"
    ],
    [
      0.795262,
      "\b\u001b[0m \b"
    ],
    [
      5.8e-05,
      "\u001b[?1l\u001b>"
    ],
    [
      2e-05,
      "\u001b[?2004l\r\r\n"
    ],
    [
      0.000585,
      "\u001b]2;cat container\\ 1/Dockerfile\u0007\u001b]1;cat\u0007"
    ],
    [
      0.002356,
      "FROM centos\r\n\r\nRUN cp /etc/os-release /root\r\n\r\nCMD cat /root/os-release\r\n"
    ],
    [
      0.000251,
      "\u001b[1m\u001b[7m%\u001b[27m\u001b[1m\u001b[0m                                                                                                                                                                            \r \r"
    ],
    [
      6.7e-05,
      "\u001b]2;master@Earth\u0007"
    ],
    [
      1.7e-05,
      "\u001b]1;..ocker compose\u0007"
    ],
    [
      0.00281,
      "\u001b]7;file://Earth.local/Users/master/GitHub/Docker-Intro/demo/docker%20compose\u0007"
    ],
    [
      0.028294,
      "\r\u001b[0m\u001b[27m\u001b[24m\u001b[J\u001b[01;32m➜  \u001b[36mdocker compose\u001b[00m \u001b[01;34mgit:(\u001b[31mmaster\u001b[34m) \u001b[33m✗\u001b[00m "
    ],
    [
      7.4e-05,
      "\u001b[K"
    ],
    [
      5.7e-05,
      "\u001b[?1h\u001b="
    ],
    [
      4.1e-05,
      "\u001b[?2004h"
    ],
    [
      1.525974,
      "c"
    ],
    [
      0.175841,
      "\bca"
    ],
    [
      0.136109,
      "t"
    ],
    [
      0.208182,
      " "
    ],
    [
      0.159738,
      "c"
    ],
    [
      0.120267,
      "o"
    ],
    [
      0.063969,
      "n"
    ],
    [
      0.16778,
      "t"
    ],
    [
      0.20439,
      "ainer\\ "
    ],
    [
      0.387727,
      "2"
    ],
    [
      0.528077,
      "/"
    ],
    [
      0.396214,
      "Dockerfile\u001b[1m \u001b[0m"
    ],
    [
      1.435102,
      "\b\u001b[0m \b"
    ],
    [
      2.1e-05,
      "\u001b[?1l\u001b>"
    ],
    [
      6.1e-05,
      "\u001b[?2004l\r\r\n"
    ],
    [
      0.001362,
      "\u001b]2;cat container\\ 2/Dockerfile\u0007\u001b]1;cat\u0007"
    ],
    [
      0.002588,
      "FROM ubuntu\r\n\r\nRUN cp /etc/os-release /root\r\n\r\nCMD cat /root/os-release\r\n"
    ],
    [
      0.000284,
      "\u001b[1m\u001b[7m%\u001b[27m\u001b[1m\u001b[0m                                                                                                                                                                            \r \r"
    ],
    [
      9.4e-05,
      "\u001b]2;master@Earth\u0007"
    ],
    [
      1.7e-05,
      "\u001b]1;..ocker compose\u0007"
    ],
    [
      0.003041,
      "\u001b]7;file://Earth.local/Users/master/GitHub/Docker-Intro/demo/docker%20compose\u0007"
    ],
    [
      0.025759,
      "\r\u001b[0m\u001b[27m\u001b[24m\u001b[J\u001b[01;32m➜  \u001b[36mdocker compose\u001b[00m \u001b[01;34mgit:(\u001b[31mmaster\u001b[34m) \u001b[33m✗\u001b[00m \u001b[K"
    ],
    [
      0.000159,
      "\u001b[?1h\u001b="
    ],
    [
      3e-05,
      "\u001b[?2004h"
    ],
    [
      2.175442,
      "c"
    ],
    [
      0.183836,
      "\bca"
    ],
    [
      0.103967,
      "t"
    ],
    [
      0.295833,
      " "
    ],
    [
      0.608068,
      "d"
    ],
    [
      0.128207,
      "o"
    ],
    [
      0.103856,
      "c"
    ],
    [
      0.228209,
      "ker-compose.yaml\u001b[1m \u001b[0m"
    ],
    [
      0.779427,
      "\b\u001b[0m \b"
    ],
    [
      3.1e-05,
      "\u001b[?1l\u001b>"
    ],
    [
      5.7e-05,
      "\u001b[?2004l\r\r\n"
    ],
    [
      0.000559,
      "\u001b]2;cat docker-compose.yaml\u0007\u001b]1;cat\u0007"
    ],
    [
      0.002442,
      "version: \"3\"\r\nservices:\r\n  demo1:\r\n    build: \"container 1\"\r\n  demo2:\r\n    build: \"container 2\"\r\n  demo3:\r\n    image: \"nginx\"\r\n    ports:\r\n    - \"8080:80\"\r\n"
    ],
    [
      0.000227,
      "\u001b[1m\u001b[7m%\u001b[27m\u001b[1m\u001b[0m                                                                                                                                                                            \r \r"
    ],
    [
      0.000116,
      "\u001b]2;master@Earth\u0007"
    ],
    [
      1.9e-05,
      "\u001b]1;..ocker compose\u0007"
    ],
    [
      0.002835,
      "\u001b]7;file://Earth.local/Users/master/GitHub/Docker-Intro/demo/docker%20compose\u0007"
    ],
    [
      0.026898,
      "\r\u001b[0m\u001b[27m\u001b[24m\u001b[J\u001b[01;32m➜  \u001b[36mdocker compose\u001b[00m \u001b[01;34mgit:(\u001b[31mmaster\u001b[34m) \u001b[33m✗\u001b[00m \u001b[K"
    ],
    [
      0.000105,
      "\u001b[?1h\u001b="
    ],
    [
      7.3e-05,
      "\u001b[?2004h"
    ],
    [
      1.727129,
      "d"
    ],
    [
      0.127789,
      "\bdo"
    ],
    [
      0.127851,
      "c"
    ],
    [
      0.152065,
      "k"
    ],
    [
      0.296709,
      "er"
    ],
    [
      1.119598,
      "-"
    ],
    [
      0.231821,
      "c"
    ],
    [
      0.13601,
      "o"
    ],
    [
      0.111867,
      "m"
    ],
    [
      0.182759,
      "pose\u001b[1m \u001b[0m"
    ],
    [
      0.641653,
      "\b\u001b[0m u"
    ],
    [
      0.087751,
      "p"
    ],
    [
      0.175945,
      " "
    ],
    [
